Top pages,Clicks,Impressions,CTR,Position
https://accountingtitan.com/financial-reporting/journal-entries-for-income-tax-expense/,256,14712,1.74%,6.68
https://accountingtitan.com/financial-reporting/journal-entries-for-withholding-tax/,222,2947,7.53%,6.75
https://accountingtitan.com/financial-reporting/journal-entries-for-mortgage-payable/,81,3847,2.11%,9.17
https://accountingtitan.com/finance/capitalization-of-retained-earnings-to-paid-up-capital/,75,1405,5.34%,6.17
https://accountingtitan.com/financial-reporting/journal-entries-for-loan-received/,27,8377,0.32%,10.36
https://accountingtitan.com/financial-reporting/journal-entries-for-deferred-tax-assets-and-liabilities/,26,1768,1.47%,19.1
https://accountingtitan.com/financial-reporting/journal-entries-for-incorporation-costs/,25,1319,1.9%,9.17
https://accountingtitan.com/financial-reporting/journal-entries-for-owner-contributions/,18,2874,0.63%,10.71
https://accountingtitan.com/financial-reporting/journal-entries-for-directors-remuneration/,15,1245,1.2%,7.38
https://accountingtitan.com/finance/capitalization-of-shareholder-loans-to-equity/,12,334,3.59%,11.73
https://accountingtitan.com/financial-reporting/journal-entries-for-capital-dividends/,12,320,3.75%,38.35
https://accountingtitan.com/financial-reporting/journal-entries-for-loan-forgiveness/,10,248,4.03%,20.02
https://accountingtitan.com/audit/what-is-a-representation-letter/,9,2576,0.35%,13.5
https://accountingtitan.com/financial-reporting/journal-entries-for-tariffs/,6,248,2.42%,14.35
https://accountingtitan.com/financial-reporting/journal-entries-for-issuance-of-common-shares/,3,1171,0.26%,25.04
https://accountingtitan.com/finance/what-is-a-nominee-corporation/,3,829,0.36%,9.89
https://accountingtitan.com/financial-reporting/accounting-for-share-based-compensation-ifrs/,3,100,3%,26.02
https://accountingtitan.com/financial-reporting/journal-entries-for-dividends-declaration-and-payment/,1,1747,0.06%,60.83
https://accountingtitan.com/financial-reporting/accounting-for-the-sale-of-land/,1,575,0.17%,11.35
https://accountingtitan.com/financial-reporting/income-tax-provision/,1,271,0.37%,58.21
https://accountingtitan.com/about/,1,42,2.38%,7.33
https://accountingtitan.com/,1,40,2.5%,3.67
https://accountingtitan.com/financial-reporting/journal-entries-for-unearned-revenue/,0,1411,0%,25.69
https://accountingtitan.com/financial-reporting/journal-entries-for-deferred-tax-assets-and-liabilities/#Journal_Entries_for_Deferred_Tax_Liability,0,847,0%,9.09
https://accountingtitan.com/financial-reporting/journal-entries-for-deferred-tax-assets-and-liabilities/#What_are_Deferred_Taxes,0,847,0%,9.09
https://accountingtitan.com/financial-reporting/journal-entries-for-owner-contributions/#Journal_Entries_for_Owner_Contribution_to_Business,0,513,0%,6.76
https://accountingtitan.com/financial-reporting/journal-entries-for-owner-contributions/#Journal_entry_for_shareholder_contribution_to_a_corporation,0,484,0%,6.71
https://accountingtitan.com/financial-reporting/journal-entries-for-incorporation-costs/#What_are_Incorporation_Costs,0,420,0%,5.9
https://accountingtitan.com/financial-reporting/journal-entries-for-incorporation-costs/#Journal_Entries_for_Incorporation_Costs,0,414,0%,5.87
https://accountingtitan.com/financial-reporting/journal-entries-for-owner-contributions/#What_is_an_Owner_Contribution,0,263,0%,7.07
https://accountingtitan.com/financial-reporting/journal-entries-for-incorporation-costs/#Examples_of_Incorporation_Costs,0,198,0%,5.71
https://accountingtitan.com/mergers-acquisitions/tax-due-diligence/,0,159,0%,79.52
https://accountingtitan.com/finance/capitalization-of-shareholder-loans-to-equity/#Capitalization_of_Shareholder_Loans_to_Equity,0,145,0%,6.97
https://accountingtitan.com/finance/capitalization-of-shareholder-loans-to-equity/#Journal_Entries_for_Capitalizing_Shareholder_Loans,0,145,0%,6.97
https://accountingtitan.com/mergers-acquisitions/vendor-due-diligence/,0,85,0%,79.46
https://accountingtitan.com/finance/what-is-a-dual-listed-company/,0,57,0%,59.51
https://accountingtitan.com/mergers-acquisitions/pre-closing-transactions/,0,55,0%,14.38
https://accountingtitan.com/financial-reporting/journal-entries-for-unearned-revenue/#Journal_Entries_for_Unearned_Revenue,0,53,0%,9.17
https://accountingtitan.com/financial-reporting/journal-entries-for-unearned-revenue/#What_is_Unearned_Revenue,0,53,0%,9.17
https://accountingtitan.com/financial-reporting/journal-entries-for-unearned-revenue/#Examples_of_Unearned_Revenue,0,42,0%,9.38
https://accountingtitan.com/financial-reporting/journal-entries-for-capital-dividends/#Journal_Entries_for_Capital_Dividends_Canada,0,36,0%,7.14
https://accountingtitan.com/financial-reporting/journal-entries-for-capital-dividends/#Journal_entry_for_capital_dividends_paid_in_cash,0,31,0%,7.61
https://accountingtitan.com/financial-reporting/journal-entries-for-capital-dividends/#What_is_the_Capital_Dividend_Account_CDA,0,27,0%,7.63
https://accountingtitan.com/financial-reporting/journal-entries-for-capital-dividends/#What_are_Capital_Dividends_Canada,0,24,0%,8.62
https://accountingtitan.com/contact/,0,21,0%,14.62
https://accountingtitan.com/financial-reporting/accounting-for-share-based-compensation-ifrs/#Measurement,0,20,0%,6.45
https://accountingtitan.com/financial-reporting/accounting-for-share-based-compensation-ifrs/#Share_Appreciation_Rights,0,20,0%,6.45
https://accountingtitan.com/financial-reporting/accounting-for-share-based-compensation-ifrs/#Share_Options,0,20,0%,6.45
https://accountingtitan.com/financial-reporting/,0,20,0%,7.5
https://accountingtitan.com/finance/,0,18,0%,3.39
https://accountingtitan.com/disclaimer/,0,15,0%,7.07
https://accountingtitan.com/taxation/,0,14,0%,1.93
https://accountingtitan.com/audit/,0,14,0%,4.5
https://accountingtitan.com/privacy-policy/,0,14,0%,7.64
https://accountingtitan.com/tag/gaap/,0,13,0%,10
https://accountingtitan.com/financial-reporting/journal-entries-for-tariffs/#Accounting_for_Tariffs,0,12,0%,7
https://accountingtitan.com/financial-reporting/journal-entries-for-tariffs/#Journal_Entries_for_Tariffs,0,12,0%,7
https://accountingtitan.com/financial-reporting/journal-entries-for-tariffs/#What_are_Tariffs,0,12,0%,7
https://accountingtitan.com/mergers-acquisitions/indemnity-clauses/,0,9,0%,28
https://accountingtitan.com/page/3/,0,6,0%,19.67
https://accountingtitan.com/tag/fixed-assets/,0,6,0%,21
https://accountingtitan.com/financial-reporting/journal-entries-for-tariffs/#Tariffs_on_Inventory,0,5,0%,7
https://accountingtitan.com/tag/assurance/,0,5,0%,16.8
https://accountingtitan.com/tag/balance-sheet/,0,5,0%,20
https://accountingtitan.com/wp-content/uploads/2023/02/Diagrams-Owner-Contribution.png,0,5,0%,21.2
https://accountingtitan.com/page/2/,0,5,0%,26.4
https://accountingtitan.com/tag/gaap/page/2/,0,5,0%,27.4
https://accountingtitan.com/tag/corporation/,0,4,0%,9.75
https://accountingtitan.com/tag/compensation/,0,4,0%,12.25
https://accountingtitan.com/tag/revenue/,0,4,0%,13.5
https://accountingtitan.com/tag/liability/,0,4,0%,15
https://accountingtitan.com/tag/income-tax/,0,4,0%,25.25
https://accountingtitan.com/tag/financial-statements/,0,4,0%,25.5
https://accountingtitan.com/tag/equity/,0,3,0%,12
https://accountingtitan.com/mergers-acquisitions/,0,3,0%,14.33
https://accountingtitan.com/tag/ifrs/,0,3,0%,14.67
https://accountingtitan.com/tag/trust/,0,3,0%,18
https://accountingtitan.com/tag/dividends/,0,3,0%,19.67
https://accountingtitan.com/tag/loan/,0,3,0%,20
https://accountingtitan.com/tag/stock/,0,3,0%,20.67
https://accountingtitan.com/tag/canada/,0,3,0%,21.67
https://accountingtitan.com/wp-content/uploads/2023/02/Diagrams-Common-Shares-Issuance.png,0,3,0%,21.67
https://accountingtitan.com/tag/management/,0,3,0%,23.33
https://accountingtitan.com/tag/director/,0,3,0%,25
https://accountingtitan.com/tag/mortgage/,0,3,0%,26
https://accountingtitan.com/tag/income-statement/,0,3,0%,27
https://accountingtitan.com/tag/journal-entries/,0,3,0%,29
https://accountingtitan.com/tag/common-shares/,0,3,0%,30
https://accountingtitan.com/tag/withholding-tax/,0,3,0%,33
https://accountingtitan.com/page/4/,0,3,0%,37.33
https://accountingtitan.com/tag/share-based-compensation/,0,3,0%,40.33
https://accountingtitan.com/mergers-acquisitions/representations-and-warranties-insurance-rwi-and-indemnities/,0,3,0%,96.33
https://accountingtitan.com/wp-content/uploads/2022/06/Nominee-Corporation-Diagram-1-692x1024.png,0,1,0%,5
https://accountingtitan.com/financial-reporting/page/2/,0,1,0%,7
https://accountingtitan.com/finance/types-of-dividends/,0,1,0%,36