Top queries,Clicks,Impressions,CTR,Position
withholding tax double entry,22,64,34.38%,4.66
withholding tax journal entry,17,123,13.82%,5.06
income tax journal entry,11,347,3.17%,6.57
withholding tax accounting entries,8,83,9.64%,6.83
double entry for withholding tax,8,27,29.63%,2.52
tax payable double entry,8,24,33.33%,2.17
withholding tax entry,7,49,14.29%,3.71
mortgage accounting entries,7,47,14.89%,11.19
journal entry for withholding tax on purchases,6,77,7.79%,4.43
income tax expense journal entry,5,111,4.5%,7.45
income tax journal entry example,5,67,7.46%,5.12
deferred tax journal entry example,4,66,6.06%,8.41
mortgage journal entry,4,53,7.55%,4.02
withholding tax double entry example,4,14,28.57%,1.93
income tax double entry,4,11,36.36%,2.27
income tax entry,3,127,2.36%,7.24
income tax payment journal entry,3,50,6%,10.92
mortgage payment journal entry,3,45,6.67%,6.36
incorporation expenses accounting treatment,3,18,16.67%,10.56
paid income tax journal entry,2,482,0.41%,8.72
income tax payable journal entry,2,193,1.04%,5.61
income tax paid entry,2,67,2.99%,7.45
journal entry for withholding tax,2,51,3.92%,17.67
income tax payment entry in tally,2,17,11.76%,7.12
hipotecas por pagar,1,422,0.24%,9.45
loan received from bank journal entry,1,241,0.41%,8.32
hipotecas por pagar contabilidad,1,163,0.61%,4.27
loan received journal entry,1,118,0.85%,8.13
took a loan from bank journal entry,1,118,0.85%,9.76
nominee company,1,110,0.91%,9.5
tax payable journal entry,1,101,0.99%,6.93
tax expense journal entry,1,100,1%,4.06
income tax entry in final accounts,1,64,1.56%,7.83
journal entry for income tax,1,60,1.67%,7.17
journal entry for bank loan,1,58,1.72%,9.78
nominee corporation,1,57,1.75%,5.53
income tax payable entry,1,51,1.96%,7.96
tax journal entry,1,49,2.04%,11.35
what is representation letter in audit,1,48,2.08%,6.17
hipotecas por pagar en contabilidad,1,47,2.13%,4.04
income tax accounting entry,1,46,2.17%,9.59
owner contribution journal entry,1,43,2.33%,9.72
journal entry for income tax payable,1,42,2.38%,7.24
journal entry for withholding tax on sales,1,40,2.5%,7.67
journal entry for taking loan from bank,1,38,2.63%,7
deferred tax entry in tally,1,36,2.78%,12.61
capitalization of retained earnings,1,32,3.12%,6.62
dta dtl journal entries,1,27,3.7%,7.26
deferred tax asset and liability journal entry,1,27,3.7%,7.93
incorporation cost in balance sheet,1,26,3.85%,53.58
hipotecas por pagar ejemplos,1,23,4.35%,3.52
income tax journal entries,1,23,4.35%,9.3
debt forgiveness accounting entries,1,21,4.76%,37.81
journal entry for income tax expense,1,20,5%,6.8
deferred tax journal entry,1,19,5.26%,29.16
withholding tax payable journal entry,1,14,7.14%,4.14
how to record withholding tax,1,10,10%,9.3
double entry for tax provision,1,10,10%,9.8
loan forgiveness accounting,1,9,11.11%,59.78
withholding tax expense journal entry,1,8,12.5%,2.12
income tax paid under which head,1,8,12.5%,2.88
journal entry for owner contribution,1,8,12.5%,7.12
dta and dtl journal entries,1,8,12.5%,8.38
income tax journal,1,7,14.29%,7.14
entry for income tax paid,1,4,25%,4.75
asiento de pago de impuesto a la renta,1,4,25%,7.25
journal entries for deferred tax assets and liabilities,1,4,25%,7.5
accounting entry for deferred tax liability,1,4,25%,20.5
asiento de pago de impuestos,1,3,33.33%,4
asiento contable del islr por pagar,1,2,50%,12.5
مصاريف التأسيس في شجرة الحسابات,1,1,100%,3
asiento contable impuesto a la renta,1,1,100%,9
loan taken from bank journal entry,0,721,0%,10.15
income tax paid journal entry,0,607,0%,8.82
mortgage payable,0,434,0%,12.23
closing journal dividends,0,368,0%,75.55
unearned revenue journal entry,0,335,0%,24.04
bank loan journal entry,0,305,0%,11.61
loan from bank journal entry,0,304,0%,9.45
representation letter,0,227,0%,14.82
representation letter audit,0,185,0%,10.86
letter of representation audit,0,160,0%,16.54
received loan from bank journal entry,0,150,0%,7.63
deferred tax asset journal entry,0,147,0%,52.56
tax due diligence,0,147,0%,83.07
journal entry for loan taken from bank,0,135,0%,9.33
tax paid journal entry,0,122,0%,6.19
unearned income journal entry,0,120,0%,13.08
bank loan received journal entry,0,118,0%,9.62
mortgage payable adalah,0,117,0%,11.28
taken loan from bank journal entry,0,111,0%,10.7
borrowed money from bank journal entry,0,107,0%,14.09
quickbooks journal entry loan received $78000 $12000 loan payoff,0,102,0%,2
representation letter meaning,0,91,0%,7.45
loan received,0,86,0%,6.79
journal entry for income tax paid,0,85,0%,11.07
borrowed loan from bank journal entry,0,85,0%,11.59
take a loan from bank journal entry,0,83,0%,9.48
took a bank loan journal entry,0,80,0%,10.03
loan taken journal entry,0,80,0%,10.36
what is a nominee company,0,78,0%,10.47
took loan from bank journal entry,0,78,0%,11.95
tax journal entries,0,77,0%,10.39
journal entry for unearned revenue,0,72,0%,31.1
owner contribution,0,71,0%,12.55
incorporation cost meaning,0,68,0%,8.49
owner investment journal entry,0,64,0%,13.38
rep letter,0,64,0%,16.45
nominee company meaning,0,61,0%,8.02
deferred tax asset entry in tally,0,61,0%,9.75
journal entry of loan taken from bank,0,58,0%,7.86
journal entry for deferred tax liability,0,58,0%,11.88
borrowed from bank journal entry,0,58,0%,13.47
what is a representation letter,0,56,0%,16.36
mortgage in accounting,0,54,0%,9.11
received bank loan journal entry,0,50,0%,8.78
representation letter in audit,0,49,0%,11.04
deferred tax liability journal entry,0,48,0%,25.73
mortgage payable journal entry,0,47,0%,8.51
rep letter audit,0,47,0%,14.79
journal entry of income tax paid,0,46,0%,12.26
provision for income tax journal entry,0,46,0%,28.17
dividends journal entry,0,46,0%,88.26
dividend journal entry,0,46,0%,90.93
letter of representation,0,45,0%,49.58
audit representation letter,0,44,0%,24.34
take loan from bank journal entry,0,41,0%,8.49
income tax expense คือ,0,40,0%,10.68
income tax under group in tally,0,39,0%,1
accounting for income tax,0,39,0%,1.82
tax payment journal entry,0,37,0%,7.92
income tax is debit or credit,0,37,0%,10.97
what is representation letter,0,37,0%,11.89
sales tax journal entry accounting,0,36,0%,2.61
bank loan taken journal entry,0,36,0%,11.39
issue of shares journal entries,0,36,0%,51.42
nominee company example,0,35,0%,2.74
deferred tax liability entry in tally,0,35,0%,9
mortgage payable example,0,35,0%,15.57
"https://openai.com/index/chatgpt/ if i pay income tax how to pass journal 
entry in tally",0,33,0%,2
representation letter คือ,0,33,0%,5.15
incorporation expenses,0,32,0%,10.94
unearned rent journal entry,0,32,0%,13.81
journal entry for loan from bank,0,31,0%,10.55
representation letter adalah,0,30,0%,7.93
what is letter of representation in auditing,0,30,0%,9
paid-up capital là gì,0,30,0%,24.97
dividend paid journal entry,0,30,0%,72.83
how to record income tax expense,0,29,0%,4.07
unearned revenue journal entries,0,29,0%,26.83
dividend accounting entry,0,29,0%,66.97
journal entry for dividends paid,0,29,0%,68.79
director fee accounting entry,0,28,0%,5.39
menerima pinjaman dari bank jurnal umumnya,0,28,0%,8.54
owner invested cash in the business journal entry,0,28,0%,8.75
income tax entry in journal,0,27,0%,5.81
owner invested cash in business journal entry,0,27,0%,9.74
mortgage payable examples,0,27,0%,16.96
dividends payable journal entry,0,27,0%,68.26
所得税 仕訳,0,26,0%,1
bank loan journal entry accounting,0,26,0%,9.77
journal entry for loan given to a person,0,26,0%,11.62
unearned service revenue journal entry,0,26,0%,23.81
accounting for withholding tax,0,25,0%,15.04
declaration of dividends journal entry,0,25,0%,56.16
tax accrual journal entry,0,24,0%,7.58
received loan from canara bank journal entry,0,24,0%,12.04
letter of representation in audit,0,24,0%,27.71
dividends paid journal entry,0,24,0%,59.29
declaring dividends journal entry,0,24,0%,67.75
jurnal penjualan saham,0,24,0%,83.21
how to record capital dividend payment,0,23,0%,30.09
dividend declared journal entry,0,23,0%,84.22
tax provision,0,23,0%,86.91
sales tax accounting journal entry,0,22,0%,2.14
what is a representation letter in audit,0,22,0%,6.91
shareholder contribution,0,22,0%,22.95
loan accounting entries,0,22,0%,43.95
dual listed company,0,22,0%,77.41
bank loan entry in tally prime,0,21,0%,1.1
خطاب التمثيل,0,21,0%,6.62
hipotecas contabilidad,0,21,0%,7.81
deferred tax asset journal entry in tally,0,21,0%,10.52
what is directors remuneration in accounting,0,21,0%,11.48
land dalam akuntansi adalah,0,21,0%,11.9
journal entry for tax,0,21,0%,12.43
tax journal entries examples,0,21,0%,13.71
loan journal entry,0,21,0%,34.33
journal entry for dividends,0,21,0%,73.95
is unearned revenue a liability,0,21,0%,75.62
audit letter of representation,0,20,0%,37.4
declare dividends journal entry,0,20,0%,60.25
accounting entry for deferred tax asset,0,20,0%,68.8
paid dividends journal entry,0,20,0%,74.2
源泉徴収 還付金 勘定科目,0,19,0%,1
what is nominee company,0,19,0%,7.89
when unearned revenue is earned what is the journal entry,0,19,0%,8.21
director fees in profit and loss account,0,19,0%,9.05
what is a letter of representation in auditing,0,19,0%,9.47
journal entry for investment by owner,0,19,0%,13.53
unearned revenue earned journal entry,0,19,0%,52.42
dividend payable journal entry,0,19,0%,73.58
income tax accounting,0,18,0%,7.28
issuance share capital adalah,0,18,0%,9.28
mortage payable,0,18,0%,13.56
capital journal entry,0,18,0%,48.44
journal entry for dividends declared,0,18,0%,59.17
what is a nominee corporation,0,17,0%,5.24
director remuneration entry in tally,0,17,0%,6.18
remuneration journal entry,0,17,0%,7.76
owner contribution is what type of account,0,17,0%,7.82
dtl journal entry,0,17,0%,17.41
common stock journal entry examples,0,17,0%,25.59
journal entry unearned revenue,0,17,0%,44.94
declared dividends journal entry,0,17,0%,59.94
dividends declared journal entry,0,17,0%,60.12
management representation letter,0,17,0%,74.35
paying dividends journal entry,0,17,0%,76.76
stock dividend journal entry,0,17,0%,87.24
vdd due diligence,0,17,0%,89.76
income tax comes in which account,0,16,0%,1
how to record withholding tax in accounting,0,16,0%,11.88
journal entry for dividend paid,0,16,0%,80.38
income tax in accounting,0,15,0%,1.2
how to record income tax payment journal entry in tallyprime,0,15,0%,2.4
what is owner contribution in accounting,0,15,0%,6.73
accounting for taxes on income,0,15,0%,7.07
paid up capital double entry,0,15,0%,10.6
took bank loan journal entry,0,15,0%,13.33
share issue journal entry,0,15,0%,22.67
journal entries for unearned revenue,0,15,0%,25.6
provision for taxation journal entry,0,15,0%,45.6
converting shareholder loan to equity,0,15,0%,59.2
loan payable journal entry,0,15,0%,68.47
provision for taxation,0,15,0%,75.2
dividend declaration journal entry,0,15,0%,77.27
quickbooks journal entry loan received $78000 $12000 payoff separate loan,0,14,0%,2
directors' remuneration examples,0,14,0%,8.14
preenclosing,0,14,0%,9.43
tax paid entry,0,14,0%,9.64
directors fees in final accounts,0,14,0%,9.93
journal entry for mortgage payment,0,14,0%,15.93
income tax expense debit or credit,0,14,0%,18.21
what is mortgage payable in accounting,0,14,0%,22.21
deferred tax liability entry,0,14,0%,28
unearned revenue entry,0,14,0%,39.57
income tax expense,0,14,0%,39.86
provision for income tax,0,14,0%,76
tallyprime income tax payment journal entry example,0,13,0%,3.69
income tax paid accounting entry,0,13,0%,6.23
received a loan from the bank journal entry,0,13,0%,8.08
tax payable entry,0,13,0%,8.31
que es hipotecas por pagar en contabilidad,0,13,0%,9.08
nominee companies,0,13,0%,9.31
example of mortgage payable,0,13,0%,16
what is mortgage payable,0,13,0%,20.38
letter of representation in auditing,0,13,0%,44
journal entry for issuing shares,0,13,0%,47.23
vdd vendor due diligence,0,13,0%,92.15
income tax expenses,0,12,0%,1.08
incorporation costs,0,12,0%,9
what is the accounting entry for paying corporate income tax?,0,12,0%,9.5
journal entry for dtl,0,12,0%,9.67
que son las hipotecas por pagar en contabilidad,0,12,0%,10.25
menerima kredit dari bank masuk akun apa,0,12,0%,10.58
owner deposits money into business journal entry,0,12,0%,16.25
what is letter of representation,0,12,0%,22.67
journal entry for income tax provision,0,12,0%,30
loan payment journal entry,0,12,0%,67.5
declaring a dividend journal entry,0,12,0%,68.75
declare dividend journal entry,0,12,0%,73.58
dividend paid accounting entry,0,12,0%,74.33
income tax paid in profit and loss account,0,11,0%,1
所得税仕訳,0,11,0%,1
源泉徴収還付金 勘定科目,0,11,0%,1
income tax payment entry,0,11,0%,6.45
deferred tax liability journal entry example,0,11,0%,8.45
deferred tax liabilities journal entry,0,11,0%,9.64
journal entry for owner investment,0,11,0%,15.09
professional fees accounting entry,0,11,0%,15.91
hipotecas por pagar es activo o pasivo,0,11,0%,17.91
entry for unearned revenue,0,11,0%,31.18
provision for income tax entry,0,11,0%,38.55
journal entry of unearned revenue,0,11,0%,47
share capital journal entry,0,11,0%,57.91
provision for income taxes,0,11,0%,73.36
income tax provision,0,11,0%,74.27
tax vendor due diligence,0,11,0%,74.36
accounting for withholding tax on revenue,0,11,0%,74.45
journal entry of deferred tax asset,0,11,0%,74.73
tariff accounting,0,11,0%,81.82
accounting for taxes on income as 22,0,10,0%,1.5
quickbooks journal entry loan received $78000 payoff separate loan $12000,0,10,0%,2
gst payable journal entry,0,10,0%,2.3
nominee entity,0,10,0%,5.6
journal entry for tax payable,0,10,0%,6.1
income tax debit or credit,0,10,0%,7
what is mortgage in accounting,0,10,0%,10.4
bank loan entry,0,10,0%,11.1
rep letter meaning,0,10,0%,12.9
hipotecas en contabilidad,0,10,0%,13.1
journal entry for borrowing money from bank,0,10,0%,13.3
loan from owner to business journal entry,0,10,0%,14.6
loan entry,0,10,0%,18.7
bank loan accounting entries,0,10,0%,35
unearned revenue journal entry example,0,10,0%,36.8
issuance of shares journal entry,0,10,0%,50.6
journal entries for issue of shares,0,10,0%,56.9
loan repayment accounting entry,0,10,0%,62.7
real estate accounting entries,0,10,0%,66.3
owner a funds introduced,0,10,0%,67.8
capital contribution journal entry,0,10,0%,71.2
vendor due diligence,0,10,0%,97.3
income tax and accounting,0,9,0%,1
gst payable entry,0,9,0%,2
journal entry for tax paid,0,9,0%,5.22
mortgage payment journal entry accounting,0,9,0%,5.56
creditos hipotecarios contabilidad,0,9,0%,8.44
letter of representation audit purpose,0,9,0%,10.22
journal entry for issuance of shares,0,9,0%,11.22
deferred tax assets entry,0,9,0%,12.33
director remuneration under which head in tally,0,9,0%,16
deferred tax expense journal entry,0,9,0%,17
corporate tax payable journal entry,0,9,0%,17.33
deferred tax asset journal entry example,0,9,0%,19.11
letter representation,0,9,0%,24.22
common shares journal entry,0,9,0%,27.44
interest on loan journal entry,0,9,0%,32.89
dta journal entry,0,9,0%,37.89
unearned service revenue,0,9,0%,58.33
deferred tax asset accounting entry,0,9,0%,65.67
dividend received journal entry,0,9,0%,66
investment journal entry,0,9,0%,67.22
declaration of stock dividend journal entry,0,9,0%,70.56
journal entry for dividends payable,0,9,0%,76.11
dual-listed company,0,9,0%,77.33
common stock journal entry,0,9,0%,78.67
cash dividend journal entry,0,9,0%,78.78
journal entries for dividends,0,9,0%,79.22
unearned revenue liability,0,9,0%,82.56
provision for tax,0,9,0%,83.22
provision tax,0,9,0%,89.56
dividend journal entries,0,9,0%,91.78
lor in audit,0,8,0%,1
shares journal entry,0,8,0%,1
taxes and licenses debit or credit,0,8,0%,1
income tax entry in tally,0,8,0%,2.75
accounting for income taxes,0,8,0%,3.12
withholding tax receivable journal entry,0,8,0%,7.88
income tax expense là gì,0,8,0%,10.75
shares journal entries,0,8,0%,16.75
sale of land journal entry,0,8,0%,18.75
unearned income entry,0,8,0%,25.38
issuing shares journal entry,0,8,0%,27.25
issued shares journal entry,0,8,0%,28.62
capital introduced journal entry,0,8,0%,52.12
share capital entry,0,8,0%,55.5
dividend paid to shareholders journal entry,0,8,0%,58.62
journal entry for dividend payable,0,8,0%,72.75
dividends accounting journal entry,0,8,0%,75.38
journal entry for declaring dividends,0,8,0%,76.25
tax provisioning,0,8,0%,78.38
paid dividend journal entry,0,8,0%,80.62
what type of account is unearned revenue,0,8,0%,80.88
how to book dividend declaration journal entry,0,8,0%,81.75
journal entry for dividend declared,0,8,0%,83.12
issuance of common stock journal entry,0,8,0%,86
journal entry dividend payment,0,8,0%,89
income tax will come in which account,0,7,0%,1
income tax in tally prime,0,7,0%,1.29
income tax expense adjusting entry accounting,0,7,0%,3.43
capitalisation of loan to shares,0,7,0%,6.43
company incorporation expenses accounting treatment,0,7,0%,6.57
owners contribution to the business,0,7,0%,6.86
representation letters,0,7,0%,7.14
membeli tanah termasuk akun apa,0,7,0%,7.86
credito hipotecario en contabilidad,0,7,0%,8
membeli tanah masuk ke akun apa,0,7,0%,8.86
what is directors remuneration,0,7,0%,9.43
mortgage payable คือ,0,7,0%,10.14
taxes payable journal entry,0,7,0%,10.14
apa itu mortgage payable,0,7,0%,10.43
incorporation expenses meaning,0,7,0%,10.43
written representation letter audit,0,7,0%,10.57
القيود المحاسبية للمساهمات العقارية,0,7,0%,10.57
what is the journal entry for capital dividends paid?,0,7,0%,11.71
nominee business definition,0,7,0%,13
incorporation fees meaning,0,7,0%,15.71
income tax payable debit or credit,0,7,0%,19.43
audit rep letter,0,7,0%,29.29
income tax provision journal entry,0,7,0%,46.14
pay dividends journal entry,0,7,0%,50.43
journal entry for dividend declaration,0,7,0%,54.86
journal entry for loan,0,7,0%,57.71
management letter of representation,0,7,0%,69.71
declaration of dividend journal entry,0,7,0%,73.14
dividend payable account,0,7,0%,74
interest received from bank journal entry,0,7,0%,75.43
journal entry for deferred tax asset,0,7,0%,76.43
journal entry of dividend paid,0,7,0%,78
vendor due diligence m&a,0,7,0%,78.57
unearned revenue is a liability,0,7,0%,80.29
interest received journal entry,0,7,0%,82.57
examples of unearned revenue,0,7,0%,86.14
declared dividend journal entry,0,7,0%,89.57
deferred tax asset,0,7,0%,94.71
loan taken from dena bank should be credited to,0,6,0%,1
share issue expenses journal entry,0,6,0%,1
関税 勘定科目,0,6,0%,1
income tax accounting treatment,0,6,0%,2
income tax adjusting entry accounting,0,6,0%,2
journal entry taxes penalties surcharge compromise 100 50,0,6,0%,2.17
tds payable journal entry,0,6,0%,2.5
vat payable journal entry,0,6,0%,2.5
share entry,0,6,0%,3.17
as 22 accounting for taxes on income,0,6,0%,3.33
wolters kluwer tax and accounting claim expenses,0,6,0%,4
current tax journal entry,0,6,0%,4.17
income tax payable entry in tally,0,6,0%,5.67
representative letter audit,0,6,0%,8.17
entry for loan taken from bank,0,6,0%,9.67
surat representasi adalah,0,6,0%,9.67
dtl entry in tally,0,6,0%,10
que son las hipotecas por pagar,0,6,0%,10.83
unearned revenue journal,0,6,0%,11.5
common shares,0,6,0%,12.83
income tax receivable journal entry,0,6,0%,15.67
tax entries,0,6,0%,16.33
tax double entry,0,6,0%,19.67
owners contribution,0,6,0%,24.17
journal entry for issue of shares,0,6,0%,25.5
deferred tax entry,0,6,0%,25.83
borrowed money journal entry,0,6,0%,27
how to record unearned revenue journal entry,0,6,0%,35.83
issue common stock journal entry,0,6,0%,37
declared and paid cash dividend journal entry,0,6,0%,37.17
journal entries of issue of shares,0,6,0%,43.5
loan repayment journal entry,0,6,0%,44.17
tax provision journal entry,0,6,0%,49.17
contabilidad del impuesto sobre la renta,0,6,0%,51.33
what is unearned service revenue,0,6,0%,51.33
interest on bank loan journal entry,0,6,0%,51.83
loan account journal entry,0,6,0%,52.5
received dividend journal entry,0,6,0%,55
dividend collected by bank journal entry,0,6,0%,57.17
how to find income tax expense,0,6,0%,59.17
journal entry for issuance of common stock,0,6,0%,62
common stock dividend journal entry,0,6,0%,64
paid cash dividends journal entry,0,6,0%,74.33
letters of representation,0,6,0%,78.67
journal entry for a loan,0,6,0%,81.83
unearned revenue adjusting entry,0,6,0%,84.17
unearned fees adalah,0,6,0%,91.17
dividend payment journal entry,0,6,0%,91.5
adjusting entry for unearned revenue,0,6,0%,93.17
stock dividends journal entry,0,6,0%,93.17
income tax meaning in accounting,0,5,0%,1
journal entries of shares,0,5,0%,1
money that the owner invests in a business is known as,0,5,0%,1
payment of income tax will be debited to,0,5,0%,1
journal entry for gst payable,0,5,0%,2.2
paid income tax 15000 journal entry,0,5,0%,2.2
sales tax payable journal entry,0,5,0%,2.4
journal entry for taxes payable,0,5,0%,3.6
wolters kluwer tax & accounting claim expenses,0,5,0%,4.4
corporate nominee meaning,0,5,0%,6.8
prepaid income tax journal entry,0,5,0%,7.8
represent letter,0,5,0%,8.2
payroll tax expense journal entry accounting,0,5,0%,8.8
provision of income tax journal entry,0,5,0%,9.6
pinjaman bank masuk akun apa,0,5,0%,10.6
tanah dalam akuntansi adalah,0,5,0%,11
tax journal,0,5,0%,11
how to journalize unearned revenue,0,5,0%,11.2
mortgage payable là gì,0,5,0%,11.6
deferred tax entries,0,5,0%,12.4
journal entry for unearned income,0,5,0%,12.8
capital contribution of sole proprietorship,0,5,0%,13
what is a rep letter,0,5,0%,14.2
owner investment journal entry accounting,0,5,0%,14.8
written representation letter,0,5,0%,16.4
income tax provision entry,0,5,0%,24
hipotecas es activo o pasivo,0,5,0%,26.6
deferred tax journal entries,0,5,0%,32.2
dividend income journal entry,0,5,0%,41.8
income tax refund accounting entry,0,5,0%,43.2
income tax refund entry in tally,0,5,0%,43.8
what is a letter of representation,0,5,0%,45.2
journal entry common stock,0,5,0%,49.2
journal entry to issue common stock,0,5,0%,50.4
unearned revenue example,0,5,0%,54
journal entry for share capital,0,5,0%,56.2
paid interest on loan journal entry,0,5,0%,56.4
loans payable journal entry,0,5,0%,56.6
interest paid on loan journal entry,0,5,0%,59.2
accounting entry for dividend declared,0,5,0%,63.2
provision for tax journal entry,0,5,0%,66.2
payment of loan journal entry,0,5,0%,70
journal entry of investment,0,5,0%,71
journal entry for paid dividends,0,5,0%,71.2
nominee adalah,0,5,0%,72.4
journal entry for deferred revenue,0,5,0%,76.6
unearned revenue accounting entry,0,5,0%,78
declare a dividend journal entry,0,5,0%,78.4
dual listed companies,0,5,0%,84.8
dividend payable accounting entry,0,5,0%,86.6
unearned revenue balance sheet,0,5,0%,90.4
unbilled revenue journal entry,0,5,0%,94.2
deferred tax liability,0,5,0%,94.8
income tax in which account,0,4,0%,1
jurnal pajak,0,4,0%,1
jurnal perpajakan,0,4,0%,1
owners funds are a summation of capital and what else?,0,4,0%,1
輸入関税 勘定科目,0,4,0%,1
advance tax journal entry,0,4,0%,2
"what is the proper journal entry for walmart marketplace facilitator tax in 
quickbooks?",0,4,0%,2
"paid income tax 15,000 journal entry",0,4,0%,2.25
قيد سداد ضريبة القيمة المضافة,0,4,0%,3
sales tax accounting journal entries,0,4,0%,3.5
sales tax journal entry example,0,4,0%,4
journal entry for paid income tax,0,4,0%,4.5
journal entry for corporate tax payable,0,4,0%,5.5
prepaid tax journal entry,0,4,0%,6
asiento contable de pago de impuestos,0,4,0%,6.5
payroll tax journal entries accounting,0,4,0%,6.5
paid taxes journal entry,0,4,0%,8
tax entry,0,4,0%,9.5
difference between income tax expense and income tax payable,0,4,0%,9.75
shareholders contribution,0,4,0%,10
income tax expense adalah,0,4,0%,11
representation meaning in accounting,0,4,0%,11
terrenos contabilidad,0,4,0%,12.25
representation letter meaning in hindi,0,4,0%,12.5
nominee business,0,4,0%,12.75
capital contribution in sole proprietorship,0,4,0%,13
nominee shares meaning,0,4,0%,13
journal entry for provision for income tax,0,4,0%,13.5
income tax expense account,0,4,0%,18.25
journal entry deferred tax asset,0,4,0%,20.5
como se registra el pago de dividendos en contabilidad,0,4,0%,22
tariffs incurred by enterprises for importing raw materials.,0,4,0%,22.25
contents of letter of representation in auditing,0,4,0%,24.75
journal entry for income tax refund,0,4,0%,28.5
accounting entry for unearned revenue,0,4,0%,29.75
dta entry,0,4,0%,32.5
loan forgiveness journal entry,0,4,0%,37.75
auditor representation letter,0,4,0%,44
capital injection double entry,0,4,0%,45.75
journal entry dividends,0,4,0%,47.5
journal entries for tax provision,0,4,0%,51
income tax refund journal entry,0,4,0%,52.75
journal entry for loan payable,0,4,0%,52.75
is unearned revenue a current liability,0,4,0%,54
received interest from bank journal entry,0,4,0%,54.75
interim dividend journal entry,0,4,0%,55
debt forgiveness accounting treatment,0,4,0%,55.25
how to record bank loan in journal entry,0,4,0%,55.25
paying a dividend journal entry,0,4,0%,56.5
common stock issuance journal entry,0,4,0%,56.75
capital entry in journal,0,4,0%,58
deferred tax accounting entries,0,4,0%,59.75
paid loan journal entry,0,4,0%,60
debt forgiveness accounting,0,4,0%,61
dividend payment accounting entry,0,4,0%,62
received interest journal entry,0,4,0%,64
accounting entries for issue of shares,0,4,0%,68.25
common stock issued journal entry,0,4,0%,69.25
journal entry for issuing common stock,0,4,0%,69.5
what is a tax provision,0,4,0%,71.25
vdd m&a,0,4,0%,73.25
double entry for dividends paid,0,4,0%,74.5
audit representation,0,4,0%,78.25
provision for taxation in balance sheet,0,4,0%,79.25
dual-listed companies,0,4,0%,84
accrued revenue journal entry,0,4,0%,86.25
vendor due diligence consulting,0,4,0%,88
cash dividends journal entry,0,4,0%,88.25
is unearned rent a liability,0,4,0%,88.5
dividend declared accounting entry,0,4,0%,89.5
dividends accounting,0,4,0%,91.25
capital account journal entry,0,4,0%,92.25
issuance of common stock,0,3,0%,1
法人税 中間納付 仕訳,0,3,0%,1
法人税中間納付 仕訳,0,3,0%,1
income tax entry in tally prime,0,3,0%,1.67
asiento contable de hipoteca por pagar,0,3,0%,2
"https://openai.com/index/chatgpt/ what is the bookkeeping for the tax due 
to other income",0,3,0%,2
income tax paid by cheque journal entry,0,3,0%,2
jurnal pajak indonesia,0,3,0%,2
আয়কর প্রদান জাবেদা,0,3,0%,2
income tax expense journal entry accounting,0,3,0%,2.33
tds journal entry,0,3,0%,2.33
journal entry for sales tax payable,0,3,0%,3
journal entry for payroll tax expense,0,3,0%,4
loan forgiveness accounting treatment,0,3,0%,4
income tax paid in final accounts,0,3,0%,4.33
received loan from mohan and deposited in bank,0,3,0%,4.67
director remuneration journal entry,0,3,0%,5
journal entry for tax payment,0,3,0%,5
owner's capital journal entry,0,3,0%,5.67
what is director fees in accounting,0,3,0%,5.67
asc 740 accounting for income taxes,0,3,0%,6.33
hipotecas a largo plazo en contabilidad,0,3,0%,6.33
bank se loan liya journal entry,0,3,0%,6.67
what is director remuneration,0,3,0%,7.33
dividend declaration journal entry accounting,0,3,0%,8.67
shareholder contributions,0,3,0%,8.67
titan accounting,0,3,0%,8.67
how to record share capital journal entry,0,3,0%,9
income tax payable journal entry in tally,0,3,0%,9
loan given journal entry,0,3,0%,9
tax refund double entry,0,3,0%,10
income tax payable คือ,0,3,0%,10.33
provision for tax double entry,0,3,0%,10.33
what is owner contribution,0,3,0%,10.33
capital distribution journal entry,0,3,0%,10.67
terrenos en contabilidad,0,3,0%,10.67
hipotecas por pagar que tipo de pasivo es,0,3,0%,11
mortgage payable in accounting,0,3,0%,11.67
entry for deferred tax liability,0,3,0%,12
dlc structure,0,3,0%,16
mortgage payable meaning,0,3,0%,16.33
journal entry for capital investment,0,3,0%,18
issue of shares journal entry,0,3,0%,23
journal entry for initial investment,0,3,0%,24
loan accounting entry,0,3,0%,26.33
bare nominee,0,3,0%,28.67
issue of shares entries,0,3,0%,29
journal entry for borrowing money,0,3,0%,30
como se registran los dividendos,0,3,0%,30.67
issued common shares journal entry,0,3,0%,36.67
journal entry for sale of land,0,3,0%,42.67
issuance of stock journal entry,0,3,0%,43.33
journal entry for capital contribution,0,3,0%,43.67
journal entry for income tax refund received,0,3,0%,43.67
repayment of loan journal entry,0,3,0%,45.67
entri loans,0,3,0%,46
loan accounting journal entries,0,3,0%,47
journal entry for purchase of shares,0,3,0%,48.33
service revenue journal entry,0,3,0%,49.67
income tax expense example,0,3,0%,50.67
journal entry bank loan,0,3,0%,51.33
journal entry for loan received from bank,0,3,0%,52.33
journal entry for income received in advance,0,3,0%,54
dividends declared and paid journal entry,0,3,0%,54.67
journal entry for common stock,0,3,0%,55.67
purchase common stock journal entry,0,3,0%,55.67
journal entry for interest received from bank,0,3,0%,58
what is tax provision,0,3,0%,58
dividends received journal entry,0,3,0%,61
journal entry for dividend payment,0,3,0%,62
deferred tax assets journal entry,0,3,0%,62.67
is provision for income tax an expense,0,3,0%,64.67
accounting entry for dividend paid,0,3,0%,66.33
journal entry for capital introduced,0,3,0%,66.67
stock dividend declared journal entry,0,3,0%,68.33
share capital journal entries,0,3,0%,69
jurnal pajak penghasilan badan,0,3,0%,70
stock issuance journal entry,0,3,0%,70.67
mortgage payable is what type of account,0,3,0%,74
deferred tax asset double entry,0,3,0%,75
share journal entry,0,3,0%,75.67
deferred liability journal entry,0,3,0%,76
interest on loan debit or credit,0,3,0%,76
accounting for tariffs,0,3,0%,77.33
issuing stock journal entry,0,3,0%,77.67
provision for tax account,0,3,0%,80.33
how to find income tax expense on income statement,0,3,0%,80.67
journal entry for dividend,0,3,0%,80.67
provision for tax in balance sheet,0,3,0%,82.67
declare cash dividend journal entry,0,3,0%,84.33
dividends payment journal entry,0,3,0%,84.67
issuing common stock journal entry,0,3,0%,84.67
journal entries for dividends paid,0,3,0%,85.33
unearned fees adjusting entry,0,3,0%,85.33
provisions for income tax,0,3,0%,86
stock dividend journal entries,0,3,0%,86.33
unearned revenue is liability,0,3,0%,86.33
unearned fees journal entry,0,3,0%,87
provision of tax in balance sheet,0,3,0%,88.33
issued stock journal entry,0,3,0%,89.67
tax provision definition,0,3,0%,90
journal entry for paying dividends,0,3,0%,90.33
loan accounting,0,3,0%,92
perjanjian nominee,0,3,0%,92.67
income tax expense formula,0,3,0%,93
vendor due diligence report,0,3,0%,93.67
loan ledger,0,3,0%,97
deferred tax asset example,0,3,0%,98.67
accounting for payroll taxes,0,2,0%,1
accounting income tax,0,2,0%,1
asiento contable de impuestos por pagar,0,2,0%,1
asiento contable de préstamo bancario con intereses,0,2,0%,1
income tax reports journal,0,2,0%,1
income tax under head in tally,0,2,0%,1
invested in shares journal entry,0,2,0%,1
lor status meaning,0,2,0%,1
saldo normal income tax payable,0,2,0%,1
中間申告 法人税 勘定科目,0,2,0%,1
源泉所得税納付 勘定科目,0,2,0%,1
税務ddとは,0,2,0%,1
税務デューデリジェンスとは,0,2,0%,1
journal entry for employer payroll taxes,0,2,0%,2
journal entry for vat payable,0,2,0%,2
tds paid journal entry,0,2,0%,2
tds payable entry,0,2,0%,2
umsatzsteuer nachzahlung buchen skr04,0,2,0%,2
income tax,0,2,0%,2.5
ans,0,2,0%,3
income tax expense formula accounting,0,2,0%,3
how to record tax payment in quickbooks online,0,2,0%,4
share entries,0,2,0%,4
what is owners contribution,0,2,0%,6
is income tax debit or credit,0,2,0%,6.5
initial contribution,0,2,0%,7
unearned revenue journal entries accounting,0,2,0%,7
withholding tax accounting treatment,0,2,0%,7
corporate tax journal entry,0,2,0%,7.5
pcd nominee corporation,0,2,0%,7.5
hipotecas por cobrar,0,2,0%,8
how to journal unearned revenue,0,2,0%,8.5
deferred tax liability journal entry accounting,0,2,0%,9
incorporation fee meaning,0,2,0%,9
owner funds introduced,0,2,0%,9
unearned revenue journal entry accounting,0,2,0%,9
asiento contable de impuesto a la renta,0,2,0%,9.5
nominee owner,0,2,0%,9.5
paid income tax journal entry class 11,0,2,0%,10
company formation expenses,0,2,0%,10.5
company incorporation expenses,0,2,0%,10.5
income tax expense artinya,0,2,0%,10.5
entry for provision for income tax,0,2,0%,11
professional fees journal entry,0,2,0%,11
remitted sbt loan journal entry,0,2,0%,11
journal entry for borrowed loan from bank,0,2,0%,11.5
received loan journal entry,0,2,0%,11.5
registro asiento contable pago de dividendos en efectivo,0,2,0%,11.5
einkommensteuer vom geschäftskonto oder privatkonto,0,2,0%,12
what is the journal entry for unearned revenue,0,2,0%,12.5
income tax expense accounting treatment,0,2,0%,13
nominees company,0,2,0%,13
contabilidad terrenos,0,2,0%,15
accounting entries for import and export trade.,0,2,0%,16.5
tax accounting entries,0,2,0%,19
creditable withholding tax journal entry,0,2,0%,20.5
provision for income tax meaning,0,2,0%,21
income tax payable account,0,2,0%,22.5
jurnal owner,0,2,0%,24
double entry for deferred tax liability,0,2,0%,25.5
journal entry for deferred tax,0,2,0%,28.5
tax expense adalah,0,2,0%,28.5
receive dividend journal entry,0,2,0%,30
income tax expense adjusting entry,0,2,0%,32.5
journal entry for provision for tax,0,2,0%,33
capital injection accounting entry,0,2,0%,33.5
unearned rent revenue journal entry,0,2,0%,35
int on loan journal entry,0,2,0%,36.5
dividend accounting journal entries,0,2,0%,38
accounting unearned revenue journal entry,0,2,0%,38.5
issue of shares all journal entries,0,2,0%,38.5
journal entry for repayment of loan,0,2,0%,39.5
journal entries for dividends declared and paid,0,2,0%,40
adjusting entry for income tax expense,0,2,0%,41.5
share capital double entry,0,2,0%,42
tax account format,0,2,0%,43
issued common stock for cash journal entry,0,2,0%,43.5
contributed capital journal entry,0,2,0%,46
loan entry in accounting,0,2,0%,46.5
management letter audit adalah,0,2,0%,46.5
shares entries,0,2,0%,47
loan taken,0,2,0%,47.5
dividend declared and paid journal entry,0,2,0%,49.5
journal entry for dividends received,0,2,0%,49.5
dividend paid double entry,0,2,0%,53.5
form t2054,0,2,0%,53.5
capitalization of profits,0,2,0%,54.5
journal entry for bank loan with interest,0,2,0%,55.5
rep letters,0,2,0%,56
mortgage loan payable,0,2,0%,57
dividends accounting entry,0,2,0%,57.5
what type of account is mortgage payable,0,2,0%,59
common stock accounting entry,0,2,0%,59.5
unearned subscription revenue journal entry,0,2,0%,59.5
jurnal penerimaan dividen,0,2,0%,60
deferred tax assets and liabilities,0,2,0%,60.5
real estate accounting journal entries,0,2,0%,60.5
journal entry issue common stock,0,2,0%,62
stock option accounting entries,0,2,0%,62.5
jurnal pajak penghasilan,0,2,0%,63.5
tax refund journal entry,0,2,0%,64.5
jurnal penerbitan saham,0,2,0%,66
journal entry for capital,0,2,0%,66.5
loan interest journal entry,0,2,0%,66.5
client representation letter,0,2,0%,67
jurnal pengumuman dividen,0,2,0%,67.5
provision for taxation meaning,0,2,0%,68
issued common stock journal entry,0,2,0%,69.5
nominee artinya,0,2,0%,69.5
accounting for dividends,0,2,0%,70
journal entry for interest received,0,2,0%,70
journal entry for declaring and paying dividends,0,2,0%,71.5
share option accounting treatment,0,2,0%,71.5
letter of representation meaning,0,2,0%,72
bank interest received journal entry,0,2,0%,72.5
journal entries for dividends declared,0,2,0%,72.5
journal entry for purchase of shares in another company,0,2,0%,72.5
contoh jurnal pajak,0,2,0%,73
dividends journal entries,0,2,0%,75
what is provision for taxation,0,2,0%,75
accrued income tax journal entry,0,2,0%,75.5
journal entry for loan given to employee,0,2,0%,76
provision taxation,0,2,0%,76
stock compensation expense journal entry,0,2,0%,78.5
loan in final accounts,0,2,0%,79.5
provision of income tax,0,2,0%,79.5
double entry for dividend received,0,2,0%,80
stock dividend received journal entry,0,2,0%,80
payment of dividends journal entry,0,2,0%,80.5
income tax in final accounts,0,2,0%,81
distribution journal entry,0,2,0%,82
written representation,0,2,0%,82
real estate journal entries,0,2,0%,83.5
income tax provision calculation,0,2,0%,84.5
unearned income is what type of account,0,2,0%,85
what is provision for tax,0,2,0%,86
bank journal entries,0,2,0%,86.5
tax provisions,0,2,0%,86.5
dividend distribution journal entry,0,2,0%,87
how do you record a mortgage in accounting,0,2,0%,87
provision for taxation account,0,2,0%,87
loan capitalisation,0,2,0%,89
journal entry for issuing stock,0,2,0%,90
unearned revenue is what type of account,0,2,0%,90.5
jurnal akuntansi pajak,0,2,0%,91
journal entry for stock dividend,0,2,0%,93.5
provision of tax,0,2,0%,94
stock based compensation journal entries,0,2,0%,94
journal entry for income,0,2,0%,94.5
letter of representation to auditors,0,2,0%,94.5
paid cash dividend journal entry,0,2,0%,95
dividend accounting,0,2,0%,95.5
unearned revenue examples,0,2,0%,97
taxation provision,0,2,0%,99
accounting entries for dividends,0,2,0%,99.5
accrued taxes,0,1,0%,1
audit lor,0,1,0%,1
buat jurnalnya,0,1,0%,1
capital dividend account,0,1,0%,1
contributes,0,1,0%,1
corporation ownership,0,1,0%,1
current tax expense,0,1,0%,1
debt conversion,0,1,0%,1
double-entry example,0,1,0%,1
entey,0,1,0%,1
entry of deferred tax asset,0,1,0%,1
finance tax accounting,0,1,0%,1
gst payable,0,1,0%,1
how to book,0,1,0%,1
how to claim driver salary in income tax,0,1,0%,1
income tax dr or cr,0,1,0%,1
income tax law and accounts,0,1,0%,1
income tax payable,0,1,0%,1
income tax refund in balance sheet,0,1,0%,1
income tax under which group in tally,0,1,0%,1
incorporation cost,0,1,0%,1
issue of share entries,0,1,0%,1
journal entries for shares,0,1,0%,1
jurnal penyertaan modal,0,1,0%,1
loan payable,0,1,0%,1
nominee ownership,0,1,0%,1
owner a share capital,0,1,0%,1
owner capital contribution,0,1,0%,1
"prepare the journal entry to record zende company’s issuance of 75,000 
shares of $5 par value common stock assuming the shares sell for: $5 cash 
per share. $6 cash per share.",0,1,0%,1
purchase of shares journal entry,0,1,0%,1
received cheque from ram as loan journal entry,0,1,0%,1
resolve,0,1,0%,1
self assessment tax payment entry in tally,0,1,0%,1
share purchase journal entry,0,1,0%,1
shares entry,0,1,0%,1
southwest income tax accounting,0,1,0%,1
tax payment entry in tally,0,1,0%,1
taxes debit or credit,0,1,0%,1
taxes payable,0,1,0%,1
the owner invested cash in the business,0,1,0%,1
what is a nominee trustee,0,1,0%,1
what is income tax provision,0,1,0%,1
what is pcd nominee corporation,0,1,0%,1
what is the entry for deferred tax asset,0,1,0%,1
حل المسألة,0,1,0%,1
আয়কর প্রদান করা হলো জাবেদা,0,1,0%,1
ยกตัวอย่าง,0,1,0%,1
仮受消費税 資産 なぜ,0,1,0%,1
地方税 勘定科目,0,1,0%,1
"""family bank loan"" ""entry into her sport""",0,1,0%,2
accounting for property tax,0,1,0%,2
advance tax entry,0,1,0%,2
"do shareholders in a subsidiary have rights to retained earnings 
transferred to parent company",0,1,0%,2
einkommensteuer nachzahlung buchen skr03,0,1,0%,2
entry for tds payable,0,1,0%,2
frais de constitution amortissement,0,1,0%,2
gst payment journal entry,0,1,0%,2
income tax expense in profit and loss statement,0,1,0%,2
income tax expense meaning,0,1,0%,2
income tax payment under which head in tally,0,1,0%,2
income tax refund entry,0,1,0%,2
journal bir sample,0,1,0%,2
jurnal pembayaran pajak,0,1,0%,2
jurnal pembayaran ppn ke kas negara,0,1,0%,2
kosten für einkommensteuererklärung buchen skr03,0,1,0%,2
provision for income tax in balance sheet,0,1,0%,2
received loan from mohan and deposited in bank journal entry,0,1,0%,2
retained earnings are assets or liabilities,0,1,0%,2
sales tax expense,0,1,0%,2
sales tax journal entry,0,1,0%,2
sales tax paid journal entry,0,1,0%,2
sales tax payable is what type of account,0,1,0%,2
share entry in accounting,0,1,0%,2
solution of this question,0,1,0%,2
sst double entry,0,1,0%,2
tds general entry,0,1,0%,2
tds paid entry in tally,0,1,0%,2
tds payment entry,0,1,0%,2
vat payable under which head,0,1,0%,2
начислен налог на прибыль проводка,0,1,0%,2
القيود المحاسبية,0,1,0%,2
กู้เงินจากธนาคาร บันทึกบัญชี,0,1,0%,2
advance tax journal entry in tally,0,1,0%,3
entry tax payment,0,1,0%,3
gasto de constitución,0,1,0%,3
hipoteca contabilidad,0,1,0%,3
how to categorize irs payments in quickbooks,0,1,0%,3
how to record payroll tax expense,0,1,0%,3
how to record sst in accounting,0,1,0%,3
income tax paid by partnership firm journal entry,0,1,0%,3
income tax paid comes under which head in tally,0,1,0%,3
income tax paid entry in tally prime,0,1,0%,3
income tax paid journal entry in tally,0,1,0%,3
income tax paid under which head in tally,0,1,0%,3
income tax payment comes under which head in tally,0,1,0%,3
journaalpost vennootschapsbelasting,0,1,0%,3
loan taken from bank journal entry in tally prime,0,1,0%,3
payment for income tax 5000 will be debited to,0,1,0%,3
sales tax expense journal entry,0,1,0%,3
simple example,0,1,0%,3
tds payment entry in tally,0,1,0%,3
took a loan from mehboob journal entry,0,1,0%,3
vat payable entry,0,1,0%,3
"в каком документе отражаются в бухгалтерском учете операции по начислению 
налогов, сборов, страховых взносов и других обязательных платежей в бюджеты?",0,1,0%,3
налог на прибыль проводки 1с,0,1,0%,3
ภาษีเงินได้นิติบุคคลค้างจ่าย คือ,0,1,0%,3
asiento contable de pagos a cuenta del impuesto a la renta,0,1,0%,4
como se registra un prestamo bancario en contabilidad,0,1,0%,4
journal entry for payroll taxes,0,1,0%,4
jtax,0,1,0%,4
loan,0,1,0%,4
loan receivable accounting,0,1,0%,4
налог на имущество проводки в 1с,0,1,0%,4
issue of share capital journal entry,0,1,0%,5
nominee share,0,1,0%,5
owner entry,0,1,0%,5
sst accounting double entry,0,1,0%,5
unearned compensation,0,1,0%,5
gst journal entry,0,1,0%,6
income tax ledger,0,1,0%,6
journal entry for estimated tax payments,0,1,0%,6
what is a written representation letter,0,1,0%,6
asiento contable de prestamo bancario,0,1,0%,7
directors remuneration under which head,0,1,0%,7
hipoteca por pagar en contabilidad,0,1,0%,7
invested in the business as capital journal entry,0,1,0%,7
is tax an expense or liability,0,1,0%,7
journal entry owner investment,0,1,0%,7
share capital retained earnings,0,1,0%,7
special journal entry,0,1,0%,7
what is a nominee entity,0,1,0%,7
what is a rep letter in audit,0,1,0%,7
what is directors' remuneration,0,1,0%,7
accounting for income taxes cpe,0,1,0%,8
que es terrenos en contabilidad,0,1,0%,8
accounting for income tax pdf,0,1,0%,9
asiento contable de un prestamo recibido,0,1,0%,9
bank loan,0,1,0%,9
incorporation accounting,0,1,0%,9
is income tax expense a debit or credit,0,1,0%,9
journal entries for deferred tax assets,0,1,0%,9
what is the accounting entry for paying the registered capital?,0,1,0%,9
what is the journal entry for receiving cash from a bank loan,0,1,0%,9
withholding tax expense,0,1,0%,9
asiento de impuesto a la renta,0,1,0%,10
cost of incorporation,0,1,0%,10
directors remuneration in profit and loss account,0,1,0%,10
dividendos asiento contable,0,1,0%,10
is loss on sale of land an expense,0,1,0%,10
is tariff capitalized,0,1,0%,10
journal entry for service revenue,0,1,0%,10
replet audit adalah,0,1,0%,10
terrenos que tipo de activo es,0,1,0%,10
advance income tax journal entry,0,1,0%,11
deposited into bank,0,1,0%,11
entry for provision of income tax,0,1,0%,11